Email,Password,FirebaseUID,Username,FirstName,LastName,JoinedTime,TargetSchoolId
gladysarnold0@example.com,072134253031,,gladysarnold,Gladys,Arnold,2023-05-19 18:40:30,12
davidlong1@example.com,561901561730,,davidlong,David,Long,2023-12-26 18:40:30,3
jermainesorenson2@example.com,204291525065,,jermainesorenson,Jermaine,Sorenson,2023-09-08 18:40:30,2
willianward3@example.com,257169298776,,willianward,Willian,Ward,2023-10-14 18:40:30,5
edwardmann4@example.com,416905758071,,edwardmann,Edward,Mann,2023-12-24 18:40:30,4
carmenleri5@example.com,271315472376,,carmenleri,Carmen,Leri,2023-11-22 18:40:30,4
leroyburmside6@example.com,125928059923,,leroyburmside,Leroy,Burmside,2023-09-30 18:40:30,2
ellajones7@example.com,168531688753,,ellajones,Ella,Jones,2024-02-06 18:40:30,4
williambates8@example.com,938696785000,,williambates,William,Bates,2024-03-20 18:40:30,3
marlenafinch9@example.com,915139118998,,marlenafinch,Marlena,Finch,2023-10-08 18:40:30,1
glenhendrickson10@example.com,205868925820,,glenhendrickson,Glen,Hendrickson,2023-10-04 18:40:30,11
geraldrikard11@example.com,158062280800,,geraldrikard,Gerald,Rikard,2023-09-22 18:40:30,8
anaboswell12@example.com,429562887930,,anaboswell,Ana,Boswell,2023-08-24 18:40:30,7
dianehenderson13@example.com,736177153089,,dianehenderson,Diane,Henderson,2023-09-09 18:40:30,26
olajohnson14@example.com,764120548519,,olajohnson,Ola,Johnson,2023-04-14 18:40:30,14
jameslockett15@example.com,716093761843,,jameslockett,James,Lockett,2023-06-25 18:40:30,3
danielmueller16@example.com,764100956759,,danielmueller,Daniel,Mueller,2023-08-31 18:40:30,5
alanhemmings17@example.com,790367783586,,alanhemmings,Alan,Hemmings,2024-03-11 18:40:30,24
annebew18@example.com,089719599743,,annebew,Anne,Bew,2023-05-27 18:40:30,4
jamesstevens19@example.com,094756928216,,jamesstevens,James,Stevens,2023-11-30 18:40:30,5
georgeblake20@example.com,348483254999,,georgeblake,George,Blake,2024-03-18 18:40:30,1
kazukoroberts21@example.com,645081648277,,kazukoroberts,Kazuko,Roberts,2023-05-04 18:40:30,3
teshavrbka22@example.com,918188211623,,teshavrbka,Tesha,Vrbka,2023-08-30 18:40:30,2
kaneshacurry23@example.com,788590615779,,kaneshacurry,Kanesha,Curry,2023-07-20 18:40:30,13
andrewmincey24@example.com,350969567919,,andrewmincey,Andrew,Mincey,2023-04-11 18:40:30,12
luisbrunk25@example.com,538261835058,,luisbrunk,Luis,Brunk,2023-04-29 18:40:30,15
ruthwarren26@example.com,606759768940,,ruthwarren,Ruth,Warren,2023-05-04 18:40:30,22
aarontarango27@example.com,295846855541,,aarontarango,Aaron,Tarango,2023-04-19 18:40:30,29
jamesperrone28@example.com,112047992124,,jamesperrone,James,Perrone,2023-10-14 18:40:30,8
stephaniegumina29@example.com,382761670377,,stephaniegumina,Stephanie,Gumina,2023-04-08 18:40:30,1
kristawinter30@example.com,327171918912,,kristawinter,Krista,Winter,2023-05-03 18:40:30,24
janeteastwood31@example.com,651171963687,,janeteastwood,Janet,Eastwood,2023-10-03 18:40:30,10
reginamelgar32@example.com,843778687862,,reginamelgar,Regina,Melgar,2023-07-23 18:40:30,23
jamescrawford33@example.com,896303401611,,jamescrawford,James,Crawford,2023-05-25 18:40:30,25
johnsanders34@example.com,969627312646,,johnsanders,John,Sanders,2023-04-21 18:40:30,13
devonsalcedo35@example.com,587186276828,,devonsalcedo,Devon,Salcedo,2023-08-24 18:40:30,7
bretbrown36@example.com,715431143457,,bretbrown,Bret,Brown,2024-03-27 18:40:30,2
sheilamach37@example.com,597273870667,,sheilamach,Sheila,Mach,2024-02-23 18:40:30,18
elizabethramsey38@example.com,306023923999,,elizabethramsey,Elizabeth,Ramsey,2024-02-13 18:40:30,1
ianoxendine39@example.com,910963825078,,ianoxendine,Ian,Oxendine,2024-03-24 18:40:30,2
evelynsorensen40@example.com,392086209962,,evelynsorensen,Evelyn,Sorensen,2023-09-26 18:40:30,1
charlesmcinnis41@example.com,256254179283,,charlesmcinnis,Charles,Mcinnis,2024-01-30 18:40:30,13
gloriapalermo42@example.com,076064704563,,gloriapalermo,Gloria,Palermo,2024-02-14 18:40:30,6
nonacoy43@example.com,650105226216,,nonacoy,Nona,Coy,2023-06-14 18:40:30,4
williamcarrousal44@example.com,100971532303,,williamcarrousal,William,Carrousal,2024-02-22 18:40:30,17
joanmcintire45@example.com,497175744897,,joanmcintire,Joan,Mcintire,2023-06-23 18:40:30,9
bettybecker46@example.com,114404664456,,bettybecker,Betty,Becker,2023-08-25 18:40:30,4
carollittle47@example.com,589314407812,,carollittle,Carol,Little,2024-03-21 18:40:30,10
octaviowiggins48@example.com,143423547022,,octaviowiggins,Octavio,Wiggins,2023-06-10 18:40:30,1
lauraruiz49@example.com,902917350518,,lauraruiz,Laura,Ruiz,2023-12-08 18:40:30,10
dianneaguero50@example.com,679141189879,,dianneaguero,Dianne,Aguero,2023-07-31 18:40:30,4
carlosgarcia51@example.com,335741111395,,carlosgarcia,Carlos,Garcia,2024-02-10 18:40:30,8
eleanorjorgenson52@example.com,225017752439,,eleanorjorgenson,Eleanor,Jorgenson,2023-07-29 18:40:30,3
ellisconnelly53@example.com,859232170331,,ellisconnelly,Ellis,Connelly,2024-02-12 18:40:30,1
leonamos54@example.com,360326901358,,leonamos,Leon,Amos,2023-05-27 18:40:30,2
brandonroot55@example.com,564669195357,,brandonroot,Brandon,Root,2023-11-25 18:40:30,3
carlkelley56@example.com,437764797326,,carlkelley,Carl,Kelley,2024-01-05 18:40:30,20
louiseclark57@example.com,929229345586,,louiseclark,Louise,Clark,2024-03-18 18:40:30,4
ednashaw58@example.com,732262351899,,ednashaw,Edna,Shaw,2023-07-24 18:40:30,1
deborahfrazier59@example.com,695781733698,,deborahfrazier,Deborah,Frazier,2024-03-23 18:40:30,1
danielsantana60@example.com,663399645710,,danielsantana,Daniel,Santana,2024-02-28 18:40:30,23
mitchellmoran61@example.com,584921706162,,mitchellmoran,Mitchell,Moran,2023-04-22 18:40:30,9
helenhealy62@example.com,826101293793,,helenhealy,Helen,Healy,2023-12-08 18:40:30,1
vivianbauer63@example.com,815564180212,,vivianbauer,Vivian,Bauer,2023-10-05 18:40:30,1
loriekauffman64@example.com,108598168325,,loriekauffman,Lorie,Kauffman,2023-06-18 18:40:30,9
mariacumpston65@example.com,743222988341,,mariacumpston,Maria,Cumpston,2023-08-24 18:40:30,7
maryschuyler66@example.com,082513103815,,maryschuyler,Mary,Schuyler,2023-10-17 18:40:30,3
deshawnarnold67@example.com,171635617603,,deshawnarnold,Deshawn,Arnold,2023-09-08 18:40:30,2
charissaclark68@example.com,214166647964,,charissaclark,Charissa,Clark,2023-04-08 18:40:30,8
sherlynmatarrita69@example.com,810966209167,,sherlynmatarrita,Sherlyn,Matarrita,2023-11-15 18:40:30,4
tanyamojica70@example.com,404922412412,,tanyamojica,Tanya,Mojica,2023-10-24 18:40:30,16
bethhamm71@example.com,851118429111,,bethhamm,Beth,Hamm,2023-09-27 18:40:30,5
howardnewsome72@example.com,469552834405,,howardnewsome,Howard,Newsome,2023-08-25 18:40:30,4
rogerfothergill73@example.com,653928174600,,rogerfothergill,Roger,Fothergill,2024-02-07 18:40:30,2
andrewcook74@example.com,170062547978,,andrewcook,Andrew,Cook,2023-04-22 18:40:30,7
keithbarth75@example.com,988617494267,,keithbarth,Keith,Barth,2023-04-30 18:40:30,17
geraldcarter76@example.com,798082444260,,geraldcarter,Gerald,Carter,2023-06-06 18:40:30,13
georgemann77@example.com,561092564642,,georgemann,George,Mann,2024-01-07 18:40:30,3
susanfaircloth78@example.com,225052247322,,susanfaircloth,Susan,Faircloth,2024-02-27 18:40:30,15
jacquelinecrouse79@example.com,847966654236,,jacquelinecrouse,Jacqueline,Crouse,2023-07-07 18:40:30,14
sandrawallace80@example.com,369315323999,,sandrawallace,Sandra,Wallace,2023-07-06 18:40:30,3
howardbronk81@example.com,121402612993,,howardbronk,Howard,Bronk,2024-03-31 18:40:30,25
randyrobins82@example.com,354175816167,,randyrobins,Randy,Robins,2023-12-23 18:40:30,8
tracismith83@example.com,274409959410,,tracismith,Traci,Smith,2023-07-15 18:40:30,5
patricialee84@example.com,024670948275,,patricialee,Patricia,Lee,2023-10-20 18:40:30,35
edwardandrews85@example.com,966389674025,,edwardandrews,Edward,Andrews,2023-11-19 18:40:30,1
sandrahauser86@example.com,262800652396,,sandrahauser,Sandra,Hauser,2023-04-06 18:40:30,3
kristineblasengame87@example.com,151375165097,,kristineblasengame,Kristine,Blasengame,2023-11-28 18:40:30,6
lawrencewallis88@example.com,810350081433,,lawrencewallis,Lawrence,Wallis,2023-09-27 18:40:30,1
joycebaker89@example.com,272232511561,,joycebaker,Joyce,Baker,2023-07-25 18:40:30,17
georgelajaunie90@example.com,642922825414,,georgelajaunie,George,Lajaunie,2023-10-07 18:40:30,28
angelinamanson91@example.com,400395143054,,angelinamanson,Angelina,Manson,2023-12-15 18:40:30,2
marionespinosa92@example.com,501393905820,,marionespinosa,Marion,Espinosa,2024-02-22 18:40:30,1
alicederr93@example.com,347880007843,,alicederr,Alice,Derr,2023-08-10 18:40:30,2
lesliesaxon94@example.com,230625622338,,lesliesaxon,Leslie,Saxon,2023-09-20 18:40:30,11
rexuttech95@example.com,471969591106,,rexuttech,Rex,Uttech,2023-06-09 18:40:30,8
maryharp96@example.com,420391813737,,maryharp,Mary,Harp,2024-01-15 18:40:30,26
markbouchard97@example.com,820653579945,,markbouchard,Mark,Bouchard,2023-10-05 18:40:30,2
arthurkrishun98@example.com,455350519727,,arthurkrishun,Arthur,Krishun,2023-06-15 18:40:30,9
briancole99@example.com,559240553384,,briancole,Brian,Cole,2023-05-28 18:40:30,10
kathryncole100@example.com,687233192934,,kathryncole,Kathryn,Cole,2023-08-13 18:40:30,7
brandonparks101@example.com,782267824042,,brandonparks,Brandon,Parks,2023-05-24 18:40:30,1
jacobday102@example.com,041917648150,,jacobday,Jacob,Day,2023-06-08 18:40:30,20
lamonttownsend103@example.com,154237706230,,lamonttownsend,Lamont,Townsend,2023-07-21 18:40:30,1
larhondakeith104@example.com,736104814763,,larhondakeith,Larhonda,Keith,2023-05-27 18:40:30,5
randykelly105@example.com,223061173746,,randykelly,Randy,Kelly,2023-05-26 18:40:30,21
douglasnorton106@example.com,904249492526,,douglasnorton,Douglas,Norton,2024-03-19 18:40:30,17
jameswood107@example.com,491574152728,,jameswood,James,Wood,2023-05-10 18:40:30,4
bernicearguello108@example.com,300095031355,,bernicearguello,Bernice,Arguello,2024-02-03 18:40:30,12
elizabethalsberry109@example.com,660324244635,,elizabethalsberry,Elizabeth,Alsberry,2023-10-22 18:40:30,5
gordonkeil110@example.com,429570099993,,gordonkeil,Gordon,Keil,2024-02-28 18:40:30,16
juancraft111@example.com,533289407216,,juancraft,Juan,Craft,2023-08-27 18:40:30,5
patricemclean112@example.com,658711852088,,patricemclean,Patrice,Mclean,2023-10-06 18:40:30,3
myrtlemorton113@example.com,430435391305,,myrtlemorton,Myrtle,Morton,2023-07-05 18:40:30,21
dorcasmcdaniel114@example.com,740248160165,,dorcasmcdaniel,Dorcas,Mcdaniel,2023-05-28 18:40:30,1
patriciarowles115@example.com,144124777657,,patriciarowles,Patricia,Rowles,2023-12-28 18:40:30,2
devonhardy116@example.com,400636309748,,devonhardy,Devon,Hardy,2024-02-25 18:40:30,3
williamgunnell117@example.com,469476438094,,williamgunnell,William,Gunnell,2023-05-05 18:40:30,6
walterwhite118@example.com,508512787955,,walterwhite,Walter,White,2024-03-02 18:40:30,1
velmamcdaniel119@example.com,527395919505,,velmamcdaniel,Velma,Mcdaniel,2023-05-15 18:40:30,4
petertuai120@example.com,813047417927,,petertuai,Peter,Tuai,2024-03-03 18:40:30,7
charlessawyer121@example.com,194649321345,,charlessawyer,Charles,Sawyer,2023-06-04 18:40:30,2
nedajimenez122@example.com,895856348811,,nedajimenez,Neda,Jimenez,2023-12-14 18:40:30,1
abigailbennett123@example.com,688646603440,,abigailbennett,Abigail,Bennett,2023-05-31 18:40:30,2
haroldthompson124@example.com,470278257060,,haroldthompson,Harold,Thompson,2024-01-08 18:40:30,14
elwoodmackey125@example.com,816108658705,,elwoodmackey,Elwood,Mackey,2023-11-30 18:40:30,34
michaelgentile126@example.com,909143312525,,michaelgentile,Michael,Gentile,2023-08-22 18:40:30,1
cynthiashultz127@example.com,793070804297,,cynthiashultz,Cynthia,Shultz,2024-03-24 18:40:30,23
donnamagedanz128@example.com,991175827103,,donnamagedanz,Donna,Magedanz,2023-05-24 18:40:30,3
cindyrice129@example.com,911248890667,,cindyrice,Cindy,Rice,2023-08-05 18:40:30,9
billestelle130@example.com,297600196136,,billestelle,Bill,Estelle,2023-08-02 18:40:30,15
adrianclark131@example.com,091459970620,,adrianclark,Adrian,Clark,2024-01-27 18:40:30,16
janiceohlsen132@example.com,856400772657,,janiceohlsen,Janice,Ohlsen,2023-04-15 18:40:30,1
leekarsten133@example.com,922693715330,,leekarsten,Lee,Karsten,2024-01-10 18:40:30,15
petecorrigan134@example.com,361113299362,,petecorrigan,Pete,Corrigan,2024-01-18 18:40:30,21
ellisavellino135@example.com,634888286373,,ellisavellino,Ellis,Avellino,2023-06-23 18:40:31,7
robertortiz136@example.com,464122829752,,robertortiz,Robert,Ortiz,2024-01-09 18:40:31,5
marilynlande137@example.com,164818912247,,marilynlande,Marilyn,Lande,2023-12-15 18:40:31,8
ericsimmons138@example.com,668676167169,,ericsimmons,Eric,Simmons,2023-05-11 18:40:31,16
marygutierrez139@example.com,565228346767,,marygutierrez,Mary,Gutierrez,2023-08-04 18:40:31,4
lowellkeller140@example.com,593920392064,,lowellkeller,Lowell,Keller,2023-11-28 18:40:31,14
mariadavis141@example.com,039106482200,,mariadavis,Maria,Davis,2023-10-19 18:40:31,1
sharonreyes142@example.com,890233631292,,sharonreyes,Sharon,Reyes,2023-10-14 18:40:31,1
leighfranklin143@example.com,190696366555,,leighfranklin,Leigh,Franklin,2023-12-04 18:40:31,2
gilbertoleesman144@example.com,810407489300,,gilbertoleesman,Gilberto,Leesman,2023-08-12 18:40:31,4
donnagomez145@example.com,331558194633,,donnagomez,Donna,Gomez,2024-03-15 18:40:31,1
joelrodriquez146@example.com,566352349316,,joelrodriquez,Joel,Rodriquez,2024-02-29 18:40:31,61
wadecollins147@example.com,252220320825,,wadecollins,Wade,Collins,2024-03-03 18:40:31,19
lizbethkennedy148@example.com,344704671027,,lizbethkennedy,Lizbeth,Kennedy,2023-05-07 18:40:31,5
johnkeomanivong149@example.com,002053003152,,johnkeomanivong,John,Keomanivong,2023-11-02 18:40:31,2
raymondsims150@example.com,649709423658,,raymondsims,Raymond,Sims,2023-10-24 18:40:31,25
ellenrogers151@example.com,615969343188,,ellenrogers,Ellen,Rogers,2023-07-13 18:40:31,2
paulinejames152@example.com,133987466176,,paulinejames,Pauline,James,2024-02-20 18:40:31,6
andrewnoyes153@example.com,035536528540,,andrewnoyes,Andrew,Noyes,2023-08-03 18:40:31,10
williamhowdeshell154@example.com,192049512047,,williamhowdeshell,William,Howdeshell,2023-08-24 18:40:31,5
katherinemaster155@example.com,133509419439,,katherinemaster,Katherine,Master,2023-09-10 18:40:31,8
frederickcouture156@example.com,967896497588,,frederickcouture,Frederick,Couture,2023-10-16 18:40:31,1
johnlloyd157@example.com,366916165643,,johnlloyd,John,Lloyd,2023-09-22 18:40:31,1
jamescampa158@example.com,745861599264,,jamescampa,James,Campa,2024-03-31 18:40:31,11
kimberlyrider159@example.com,820057183830,,kimberlyrider,Kimberly,Rider,2024-03-17 18:40:31,4
alanwaters160@example.com,253460566964,,alanwaters,Alan,Waters,2023-11-04 18:40:31,6
reubenwheeler161@example.com,612425925450,,reubenwheeler,Reuben,Wheeler,2023-11-14 18:40:31,29
faithstrong162@example.com,831125934542,,faithstrong,Faith,Strong,2023-10-08 18:40:31,61
johnnydonald163@example.com,174594780909,,johnnydonald,Johnny,Donald,2023-06-18 18:40:31,1
harveyyoung164@example.com,142107123219,,harveyyoung,Harvey,Young,2023-11-13 18:40:31,37
ardathrayos165@example.com,341085334299,,ardathrayos,Ardath,Rayos,2023-06-09 18:40:31,28
seandriggers166@example.com,270192170861,,seandriggers,Sean,Driggers,2023-04-14 18:40:31,5
lauramiller167@example.com,329701573221,,lauramiller,Laura,Miller,2024-01-07 18:40:31,15
eugeneprice168@example.com,249418734204,,eugeneprice,Eugene,Price,2023-12-22 18:40:31,1
cynthiamiller169@example.com,498460231233,,cynthiamiller,Cynthia,Miller,2023-04-15 18:40:31,6
luisangell170@example.com,061222640577,,luisangell,Luis,Angell,2023-08-31 18:40:31,1
rickybasham171@example.com,896136246969,,rickybasham,Ricky,Basham,2023-06-20 18:40:31,8
dennisgurley172@example.com,843584854020,,dennisgurley,Dennis,Gurley,2023-05-09 18:40:31,50
williambrooks173@example.com,736424348293,,williambrooks,William,Brooks,2024-03-20 18:40:31,25
jeffprater174@example.com,295082624538,,jeffprater,Jeff,Prater,2024-01-15 18:40:31,15
kennethmccain175@example.com,792541371539,,kennethmccain,Kenneth,Mccain,2024-02-15 18:40:31,28
brandonsmith176@example.com,498940558494,,brandonsmith,Brandon,Smith,2023-07-21 18:40:31,7
christopherwray177@example.com,563649850498,,christopherwray,Christopher,Wray,2023-05-24 18:40:31,1
davidbritt178@example.com,815805902505,,davidbritt,David,Britt,2024-01-07 18:40:31,1
bradkingsley179@example.com,579787132098,,bradkingsley,Brad,Kingsley,2024-01-22 18:40:31,15
jacquelinejones180@example.com,718680784276,,jacquelinejones,Jacqueline,Jones,2023-09-06 18:40:31,5
hiltonpugh181@example.com,730997120437,,hiltonpugh,Hilton,Pugh,2024-03-05 18:40:31,1
alanjackson182@example.com,946074800167,,alanjackson,Alan,Jackson,2024-03-13 18:40:31,12
jasonbow183@example.com,033371914286,,jasonbow,Jason,Bow,2024-02-12 18:40:31,1
johnreed184@example.com,861705534885,,johnreed,John,Reed,2023-07-25 18:40:31,4
ellastevens185@example.com,990800145453,,ellastevens,Ella,Stevens,2024-03-29 18:40:31,7
melonyjackson186@example.com,106877064023,,melonyjackson,Melony,Jackson,2023-09-19 18:40:31,12
pasqualeherrera187@example.com,000686088587,,pasqualeherrera,Pasquale,Herrera,2023-08-27 18:40:31,10
amandamassie188@example.com,844492799014,,amandamassie,Amanda,Massie,2023-11-20 18:40:31,7
stephanjenkins189@example.com,078991582754,,stephanjenkins,Stephan,Jenkins,2023-11-16 18:40:31,54
tracyslick190@example.com,078880889423,,tracyslick,Tracy,Slick,2023-04-16 18:40:31,1
kaeasterwood191@example.com,928703314828,,kaeasterwood,Ka,Easterwood,2023-05-09 18:40:31,5
juliansmoot192@example.com,316420469759,,juliansmoot,Julian,Smoot,2023-08-18 18:40:31,17
margaretduncan193@example.com,015588959552,,margaretduncan,Margaret,Duncan,2023-07-23 18:40:31,15
louishasty194@example.com,156552462302,,louishasty,Louis,Hasty,2024-01-07 18:40:31,13
davidmacy195@example.com,737040212609,,davidmacy,David,Macy,2023-07-29 18:40:31,1
charlespender196@example.com,471695841989,,charlespender,Charles,Pender,2023-06-25 18:40:31,2
evabrown197@example.com,844819490667,,evabrown,Eva,Brown,2023-12-21 18:40:31,12
hermangreen198@example.com,967898784357,,hermangreen,Herman,Green,2023-06-24 18:40:31,15
hectorcampbell199@example.com,548284456820,,hectorcampbell,Hector,Campbell,2023-12-20 18:40:31,15
jeffryjohnson200@example.com,103034822966,,jeffryjohnson,Jeffry,Johnson,2023-08-16 18:40:31,4
josephwashington201@example.com,674918522604,,josephwashington,Joseph,Washington,2023-04-06 18:40:31,3
randybrunet202@example.com,980656132082,,randybrunet,Randy,Brunet,2023-05-30 18:40:31,1
donovanheinrich203@example.com,386286371910,,donovanheinrich,Donovan,Heinrich,2023-05-13 18:40:31,10
lucillehisaw204@example.com,199279011586,,lucillehisaw,Lucille,Hisaw,2024-03-15 18:40:31,17
scottfitzpatrick205@example.com,329289335834,,scottfitzpatrick,Scott,Fitzpatrick,2023-05-30 18:40:31,19
carlwebster206@example.com,693682179927,,carlwebster,Carl,Webster,2023-10-04 18:40:31,26
stevenhopkins207@example.com,568518602630,,stevenhopkins,Steven,Hopkins,2023-06-10 18:40:31,1
naomifaulkner208@example.com,473651210407,,naomifaulkner,Naomi,Faulkner,2024-02-02 18:40:31,1
shawndonelson209@example.com,220630564649,,shawndonelson,Shawn,Donelson,2024-03-24 18:40:31,5
jimallen210@example.com,174512711592,,jimallen,Jim,Allen,2023-08-13 18:40:31,5
maryannsmith211@example.com,218218586630,,maryannsmith,Maryann,Smith,2023-04-23 18:40:31,6
christopherdugan212@example.com,745238870538,,christopherdugan,Christopher,Dugan,2023-07-22 18:40:31,24
johngonzalez213@example.com,248499880459,,johngonzalez,John,Gonzalez,2024-01-10 18:40:31,53
jamieshumate214@example.com,187600266134,,jamieshumate,Jamie,Shumate,2024-03-24 18:40:31,5
rosecarroll215@example.com,902022831696,,rosecarroll,Rose,Carroll,2023-07-22 18:40:31,11
thomasmadden216@example.com,835121682675,,thomasmadden,Thomas,Madden,2024-03-25 18:40:31,15
jameslarue217@example.com,352204212765,,jameslarue,James,Larue,2023-09-23 18:40:31,1
stanleycepeda218@example.com,599739333539,,stanleycepeda,Stanley,Cepeda,2024-02-02 18:40:31,35
terigrammer219@example.com,453471387942,,terigrammer,Teri,Grammer,2024-03-07 18:40:31,2
andrewproctor220@example.com,656272335788,,andrewproctor,Andrew,Proctor,2024-01-27 18:40:31,23
gilbertworthy221@example.com,573714725787,,gilbertworthy,Gilbert,Worthy,2024-02-29 18:40:31,1
tracidavis222@example.com,311396080424,,tracidavis,Traci,Davis,2023-05-17 18:40:31,6
frankoliver223@example.com,590380629436,,frankoliver,Frank,Oliver,2023-11-29 18:40:31,1
davidholtsclaw224@example.com,621843216902,,davidholtsclaw,David,Holtsclaw,2023-08-29 18:40:31,21
johnanderson225@example.com,473092682875,,johnanderson,John,Anderson,2023-11-01 18:40:31,18
brianmcclure226@example.com,766545214630,,brianmcclure,Brian,Mcclure,2024-01-10 18:40:31,3
jenniferestelle227@example.com,042405898503,,jenniferestelle,Jennifer,Estelle,2023-04-13 18:40:31,20
leticiakenny228@example.com,007210547916,,leticiakenny,Leticia,Kenny,2023-08-23 18:40:31,1
charlieperson229@example.com,513987761384,,charlieperson,Charlie,Person,2023-09-10 18:40:31,12
manuelsmith230@example.com,286802893927,,manuelsmith,Manuel,Smith,2023-04-27 18:40:31,1
markmeritt231@example.com,252217669950,,markmeritt,Mark,Meritt,2023-08-12 18:40:31,6
kimberlyalvardo232@example.com,368822514712,,kimberlyalvardo,Kimberly,Alvardo,2023-10-11 18:40:31,1
larryrhodes233@example.com,067057111828,,larryrhodes,Larry,Rhodes,2023-09-29 18:40:31,38
robertcummings234@example.com,229267454230,,robertcummings,Robert,Cummings,2023-10-06 18:40:31,18
melaniebush235@example.com,150224196171,,melaniebush,Melanie,Bush,2024-02-07 18:40:31,6
lisawalls236@example.com,678988603630,,lisawalls,Lisa,Walls,2023-09-11 18:40:31,22
danielgobel237@example.com,435645889921,,danielgobel,Daniel,Gobel,2023-12-30 18:40:31,9
edwardmartinez238@example.com,138038387521,,edwardmartinez,Edward,Martinez,2023-06-20 18:40:31,2
clifforddews239@example.com,844483884268,,clifforddews,Clifford,Dews,2023-05-16 18:40:31,5
terrancelendon240@example.com,486029441218,,terrancelendon,Terrance,Lendon,2023-10-13 18:40:31,22
claudiareyes241@example.com,318027045795,,claudiareyes,Claudia,Reyes,2023-06-30 18:40:31,4
donaldedwards242@example.com,045808820120,,donaldedwards,Donald,Edwards,2024-01-11 18:40:31,1
samuelgrice243@example.com,374438093633,,samuelgrice,Samuel,Grice,2023-10-31 18:40:31,8
michaelkuehnle244@example.com,529578942197,,michaelkuehnle,Michael,Kuehnle,2023-08-30 18:40:31,4
alicelundeen245@example.com,116088950523,,alicelundeen,Alice,Lundeen,2023-09-15 18:40:31,14
jennifertaylor246@example.com,273695974172,,jennifertaylor,Jennifer,Taylor,2023-07-30 18:40:31,9
marcuskershaw247@example.com,154385271485,,marcuskershaw,Marcus,Kershaw,2023-06-17 18:40:31,5
bryansolomen248@example.com,092154171520,,bryansolomen,Bryan,Solomen,2024-01-15 18:40:31,3
alicestone249@example.com,581334670573,,alicestone,Alice,Stone,2023-12-13 18:40:31,15
juanamcbride250@example.com,420030978313,,juanamcbride,Juana,Mcbride,2024-01-16 18:40:31,4
heathertaylor251@example.com,170578849967,,heathertaylor,Heather,Taylor,2023-12-22 18:40:31,1
jacobchavez252@example.com,674829164921,,jacobchavez,Jacob,Chavez,2023-04-23 18:40:31,2
matthewterry253@example.com,466907340955,,matthewterry,Matthew,Terry,2023-09-03 18:40:31,8
franciswaggoner254@example.com,664354003650,,franciswaggoner,Francis,Waggoner,2023-06-09 18:40:31,8
williamruffo255@example.com,185388916847,,williamruffo,William,Ruffo,2023-05-18 18:40:31,1
bonniephelps256@example.com,941597139696,,bonniephelps,Bonnie,Phelps,2023-10-05 18:40:31,1
johnpierce257@example.com,359817795442,,johnpierce,John,Pierce,2024-03-01 18:40:31,13
destinyamerson258@example.com,206837393556,,destinyamerson,Destiny,Amerson,2023-05-31 18:40:31,16
benjaminibrahim259@example.com,101221010263,,benjaminibrahim,Benjamin,Ibrahim,2023-08-25 18:40:31,21
donnaperry260@example.com,629344157828,,donnaperry,Donna,Perry,2023-05-05 18:40:31,1
jerryanderson261@example.com,811978545247,,jerryanderson,Jerry,Anderson,2023-12-08 18:40:31,4
clintontimmons262@example.com,236963392478,,clintontimmons,Clinton,Timmons,2024-03-03 18:40:31,14
geraldinegrasso263@example.com,233817679182,,geraldinegrasso,Geraldine,Grasso,2023-07-22 18:40:31,1
heathernickles264@example.com,898161019306,,heathernickles,Heather,Nickles,2023-12-08 18:40:31,10
stephaniethompson265@example.com,602159038258,,stephaniethompson,Stephanie,Thompson,2024-01-13 18:40:31,13
peggiekahan266@example.com,767886755040,,peggiekahan,Peggie,Kahan,2023-05-02 18:40:31,4
ashleynewman267@example.com,205699669486,,ashleynewman,Ashley,Newman,2024-02-05 18:40:31,3
reidhotaling268@example.com,203548483605,,reidhotaling,Reid,Hotaling,2023-08-17 18:40:31,3
terriharten269@example.com,003311737858,,terriharten,Terri,Harten,2023-12-24 18:40:31,3
davidburton270@example.com,647887705201,,davidburton,David,Burton,2024-01-11 18:40:31,16
sheldonelliott271@example.com,175478721583,,sheldonelliott,Sheldon,Elliott,2023-04-02 18:40:31,1
kevincausey272@example.com,855893410445,,kevincausey,Kevin,Causey,2023-10-28 18:40:31,3
margaretluna273@example.com,793439016612,,margaretluna,Margaret,Luna,2023-07-02 18:40:31,5
janejones274@example.com,051857112944,,janejones,Jane,Jones,2024-01-06 18:40:31,1
joshuacollier275@example.com,357741207385,,joshuacollier,Joshua,Collier,2023-12-26 18:40:31,10
norawhetsel276@example.com,174477162313,,norawhetsel,Nora,Whetsel,2023-06-04 18:40:31,19
larrysnyder277@example.com,594113314046,,larrysnyder,Larry,Snyder,2023-07-09 18:40:31,1
karimarshall278@example.com,281650901021,,karimarshall,Kari,Marshall,2023-09-15 18:40:31,2
bradleybecker279@example.com,505957707095,,bradleybecker,Bradley,Becker,2023-08-10 18:40:31,6
jameshorowitz280@example.com,382499416841,,jameshorowitz,James,Horowitz,2024-03-12 18:40:31,2
paulattridge281@example.com,921092688711,,paulattridge,Paul,Attridge,2023-12-28 18:40:31,7
zacharyjones282@example.com,828979778236,,zacharyjones,Zachary,Jones,2023-05-14 18:40:31,1
randelllove283@example.com,944705169989,,randelllove,Randell,Love,2023-06-20 18:40:31,5
juansmith284@example.com,607494738869,,juansmith,Juan,Smith,2023-06-21 18:40:31,1
ruthmyers285@example.com,213872105104,,ruthmyers,Ruth,Myers,2023-08-13 18:40:31,5
matthewcarter286@example.com,277911309409,,matthewcarter,Matthew,Carter,2023-09-17 18:40:31,12
charitymyers287@example.com,557110754360,,charitymyers,Charity,Myers,2024-01-03 18:40:31,31
irishodges288@example.com,561321423196,,irishodges,Iris,Hodges,2023-11-09 18:40:31,3
patsyemerson289@example.com,252339588122,,patsyemerson,Patsy,Emerson,2023-05-05 18:40:31,9
glyniscurtis290@example.com,420748210211,,glyniscurtis,Glynis,Curtis,2023-06-19 18:40:31,1
deloramorasca291@example.com,440409813822,,deloramorasca,Delora,Morasca,2023-10-03 18:40:31,4
paulgrossman292@example.com,407780475317,,paulgrossman,Paul,Grossman,2023-12-01 18:40:31,6
helencarroll293@example.com,950943202529,,helencarroll,Helen,Carroll,2023-10-09 18:40:31,3
leroyleal294@example.com,333315582821,,leroyleal,Leroy,Leal,2024-03-31 18:40:31,8
jamesspann295@example.com,692150807497,,jamesspann,James,Spann,2024-01-18 18:40:31,6
erikawilliams296@example.com,333183029287,,erikawilliams,Erika,Williams,2024-01-01 18:40:31,9
hectorvalone297@example.com,324091700438,,hectorvalone,Hector,Valone,2024-03-21 18:40:31,3
jeremydorris298@example.com,288216052364,,jeremydorris,Jeremy,Dorris,2023-11-02 18:40:31,28
